item1,item2,item3,item4,item5,item6,item7,item8,item9,item10,item11
honey,banana,jam,oil,chocolate,beans,orange,onion,eggs,tomato,
orange,beans,milk,honey,banana,bread,juice,rice,lentils,,
juice,orange,coffee,rice,sugar,,,,,,
coffee,honey,apple,cheese,butter,potato,juice,banana,,,
coffee,eggs,potato,honey,juice,milk,lentils,bread,,,
juice,bread,orange,banana,butter,spices,beans,apple,jam,tomato,lentils
butter,spices,onion,apple,rice,potato,jam,,,,
juice,beans,rice,sugar,tomato,spices,butter,salt,,,
jam,eggs,honey,salt,orange,sugar,coffee,tomato,spices,,
potato,eggs,banana,salt,coffee,,,,,,
sugar,apple,chocolate,banana,bread,tea,lentils,jam,coffee,onion,tomato
spices,onion,orange,jam,cheese,oil,lentils,,,,
cheese,salt,eggs,milk,banana,tea,oil,sugar,coffee,butter,
coffee,banana,tea,salt,lentils,rice,eggs,potato,,,
honey,milk,rice,lentils,jam,eggs,beans,coffee,,,
potato,tea,salt,juice,eggs,jam,sugar,lentils,onion,rice,
oil,coffee,bread,milk,sugar,onion,,,,,
rice,lentils,jam,potato,eggs,cheese,chocolate,salt,tomato,,
tea,rice,eggs,banana,coffee,milk,juice,chocolate,jam,,
bread,oil,rice,beans,eggs,salt,,,,,
tea,rice,butter,eggs,onion,orange,coffee,salt,,,
milk,lentils,coffee,tomato,potato,honey,cheese,apple,chocolate,bread,
bread,chocolate,banana,eggs,orange,sugar,salt,apple,lentils,,
orange,tomato,lentils,chocolate,potato,sugar,juice,butter,rice,bread,
oil,cheese,eggs,sugar,tea,spices,orange,bread,,,
tea,onion,coffee,oil,eggs,,,,,,
cheese,eggs,spices,jam,oil,bread,chocolate,juice,rice,tea,
banana,spices,bread,butter,tomato,,,,,,
beans,onion,tea,spices,chocolate,potato,coffee,milk,lentils,banana,sugar
spices,lentils,onion,coffee,potato,jam,,,,,
salt,sugar,milk,banana,jam,,,,,,
potato,orange,onion,beans,chocolate,eggs,sugar,,,,
honey,onion,jam,tomato,cheese,spices,sugar,potato,,,
oil,bread,milk,orange,tea,rice,salt,spices,,,
onion,honey,rice,sugar,cheese,bread,lentils,banana,salt,eggs,
apple,honey,banana,spices,orange,onion,,,,,
apple,butter,onion,tomato,jam,eggs,,,,,
orange,eggs,juice,honey,spices,potato,bread,milk,banana,lentils,cheese
honey,milk,tomato,orange,potato,tea,onion,cheese,butter,rice,beans
coffee,bread,lentils,banana,sugar,onion,jam,tea,,,
eggs,coffee,potato,jam,orange,rice,tomato,lentils,,,
rice,jam,coffee,cheese,onion,potato,beans,,,,
cheese,onion,eggs,butter,chocolate,spices,jam,rice,apple,tomato,oil
eggs,tea,potato,salt,banana,chocolate,spices,apple,sugar,,
honey,jam,butter,apple,orange,potato,,,,,
tomato,butter,cheese,jam,lentils,juice,milk,rice,,,
beans,rice,honey,onion,sugar,banana,butter,,,,
tomato,eggs,rice,bread,apple,sugar,,,,,
chocolate,oil,cheese,bread,milk,apple,banana,beans,,,
cheese,apple,honey,lentils,jam,coffee,sugar,potato,tomato,,
salt,beans,spices,orange,oil,sugar,milk,jam,,,
jam,beans,butter,onion,chocolate,banana,apple,salt,,,
tomato,jam,coffee,cheese,juice,spices,sugar,lentils,tea,milk,potato
eggs,honey,bread,tea,juice,cheese,jam,,,,
beans,milk,spices,salt,tomato,banana,,,,,
jam,orange,rice,coffee,sugar,spices,honey,juice,bread,,
cheese,apple,eggs,coffee,butter,orange,,,,,
honey,butter,lentils,sugar,orange,apple,spices,eggs,cheese,coffee,jam
tea,coffee,juice,onion,bread,potato,,,,,
apple,salt,banana,orange,chocolate,potato,,,,,
eggs,rice,milk,chocolate,bread,tea,coffee,beans,butter,onion,
butter,apple,rice,coffee,milk,jam,tea,beans,,,
eggs,tomato,spices,potato,milk,jam,coffee,,,,
eggs,onion,salt,apple,sugar,coffee,juice,tomato,,,
eggs,juice,chocolate,onion,cheese,,,,,,
spices,orange,bread,oil,sugar,coffee,jam,salt,apple,juice,tea
beans,cheese,lentils,juice,oil,bread,jam,onion,butter,apple,
salt,milk,juice,onion,orange,jam,coffee,bread,oil,honey,tomato
apple,juice,coffee,cheese,oil,lentils,beans,,,,
bread,milk,oil,jam,banana,spices,chocolate,juice,,,
honey,potato,tea,cheese,rice,onion,tomato,chocolate,bread,eggs,oil
beans,milk,onion,spices,tomato,coffee,cheese,potato,,,
salt,banana,cheese,butter,tomato,tea,bread,juice,potato,,
cheese,honey,coffee,jam,spices,orange,sugar,lentils,salt,juice,oil
spices,cheese,chocolate,oil,banana,sugar,salt,eggs,butter,onion,
rice,bread,tomato,chocolate,honey,,,,,,
chocolate,juice,bread,rice,spices,potato,,,,,
oil,juice,spices,potato,sugar,milk,,,,,
tea,salt,orange,tomato,butter,lentils,coffee,milk,chocolate,,
tomato,sugar,bread,coffee,cheese,banana,jam,,,,
honey,cheese,butter,tomato,juice,potato,coffee,oil,,,
bread,juice,sugar,salt,chocolate,coffee,eggs,spices,cheese,,
eggs,rice,apple,juice,beans,butter,,,,,
onion,juice,chocolate,spices,salt,cheese,sugar,,,,
tea,orange,honey,jam,juice,chocolate,eggs,coffee,apple,milk,onion
beans,tea,jam,potato,rice,spices,milk,bread,honey,,
spices,chocolate,salt,oil,orange,butter,tea,,,,
lentils,honey,potato,juice,chocolate,spices,,,,,
chocolate,orange,lentils,tea,honey,bread,juice,spices,beans,salt,cheese
rice,juice,apple,lentils,eggs,beans,onion,spices,,,
bread,banana,salt,spices,onion,beans,potato,rice,juice,orange,apple
onion,apple,beans,jam,coffee,lentils,tomato,bread,honey,tea,
juice,tea,sugar,milk,butter,,,,,,
tea,banana,salt,rice,chocolate,,,,,,
cheese,lentils,spices,chocolate,oil,,,,,,
oil,beans,sugar,honey,eggs,spices,chocolate,coffee,,,
banana,spices,jam,bread,tomato,beans,eggs,,,,
cheese,banana,chocolate,juice,apple,,,,,,
beans,eggs,banana,milk,cheese,onion,,,,,
chocolate,honey,sugar,milk,potato,onion,rice,spices,lentils,salt,
potato,chocolate,banana,beans,butter,honey,salt,milk,sugar,juice,orange
honey,onion,beans,banana,milk,orange,apple,,,,
lentils,banana,honey,rice,butter,jam,,,,,
tea,beans,bread,milk,tomato,sugar,chocolate,jam,,,
coffee,milk,butter,tomato,honey,,,,,,
sugar,onion,coffee,milk,butter,eggs,juice,orange,honey,chocolate,
butter,apple,banana,potato,bread,orange,,,,,
apple,cheese,butter,honey,eggs,,,,,,
chocolate,sugar,bread,milk,apple,tea,rice,juice,beans,eggs,
onion,spices,oil,tomato,orange,butter,,,,,
salt,orange,beans,apple,chocolate,lentils,butter,tea,juice,eggs,
butter,cheese,rice,onion,lentils,beans,spices,,,,
butter,bread,salt,sugar,eggs,,,,,,
jam,salt,sugar,tomato,milk,orange,oil,juice,cheese,beans,onion
sugar,salt,tomato,milk,onion,spices,beans,,,,
tea,cheese,milk,eggs,orange,rice,apple,lentils,tomato,sugar,honey
honey,jam,tomato,chocolate,orange,oil,,,,,
potato,coffee,banana,juice,bread,eggs,orange,jam,milk,cheese,
cheese,apple,jam,honey,sugar,rice,,,,,
potato,sugar,lentils,butter,tea,orange,chocolate,apple,beans,,
juice,apple,milk,butter,sugar,,,,,,
rice,spices,tomato,lentils,onion,apple,potato,chocolate,salt,,
jam,coffee,spices,butter,apple,milk,cheese,onion,banana,honey,
juice,tomato,eggs,apple,oil,beans,butter,,,,
bread,onion,lentils,beans,spices,,,,,,
banana,oil,beans,apple,eggs,onion,bread,potato,orange,tomato,lentils
banana,potato,jam,tomato,butter,milk,coffee,onion,beans,oil,
onion,oil,spices,cheese,juice,rice,butter,tea,,,
coffee,cheese,banana,milk,rice,lentils,spices,apple,butter,bread,eggs
banana,milk,eggs,tea,spices,butter,jam,,,,
orange,butter,spices,juice,beans,potato,lentils,salt,cheese,rice,apple
bread,chocolate,sugar,oil,tea,beans,orange,honey,eggs,,
tomato,chocolate,coffee,milk,lentils,cheese,sugar,rice,eggs,apple,potato
sugar,beans,apple,jam,tea,spices,,,,,
tea,juice,apple,oil,potato,onion,butter,sugar,banana,beans,
apple,onion,oil,potato,eggs,rice,butter,bread,cheese,,
coffee,onion,milk,salt,juice,bread,banana,jam,spices,tea,chocolate
sugar,onion,eggs,juice,salt,beans,milk,banana,,,
coffee,jam,chocolate,butter,tea,milk,orange,bread,rice,lentils,beans
chocolate,juice,orange,tea,apple,rice,potato,,,,
lentils,chocolate,jam,spices,salt,bread,honey,juice,milk,,
banana,milk,salt,potato,eggs,sugar,tomato,,,,
cheese,honey,tomato,milk,coffee,beans,onion,banana,,,
lentils,cheese,potato,tomato,butter,beans,orange,eggs,onion,,
rice,apple,potato,orange,jam,tomato,coffee,juice,,,
rice,orange,lentils,bread,tea,eggs,,,,,
spices,banana,tomato,cheese,jam,coffee,tea,,,,
spices,salt,honey,cheese,tea,chocolate,rice,potato,eggs,jam,apple
cheese,banana,chocolate,lentils,rice,milk,jam,beans,salt,butter,spices
banana,orange,oil,jam,coffee,sugar,bread,,,,
apple,onion,sugar,potato,eggs,cheese,lentils,jam,honey,,
oil,juice,butter,bread,sugar,onion,jam,,,,
beans,juice,sugar,orange,cheese,bread,tea,spices,tomato,honey,
coffee,bread,spices,beans,apple,oil,chocolate,banana,milk,honey,
chocolate,cheese,eggs,milk,oil,honey,tea,,,,
juice,eggs,orange,salt,milk,tea,spices,butter,bread,tomato,
banana,butter,cheese,sugar,potato,chocolate,coffee,eggs,tea,oil,
honey,milk,tomato,apple,beans,juice,orange,rice,,,
eggs,butter,milk,honey,chocolate,banana,cheese,tea,tomato,jam,
bread,honey,sugar,cheese,beans,tomato,butter,tea,coffee,salt,jam
honey,cheese,sugar,oil,apple,,,,,,
oil,banana,juice,orange,honey,apple,eggs,,,,
coffee,tea,apple,banana,juice,oil,potato,jam,lentils,,
spices,rice,potato,juice,beans,sugar,banana,eggs,lentils,butter,
tea,chocolate,bread,onion,rice,,,,,,
coffee,cheese,onion,tomato,eggs,honey,rice,spices,potato,,
honey,orange,beans,tomato,juice,potato,,,,,
cheese,lentils,salt,apple,chocolate,bread,jam,rice,,,
potato,oil,juice,chocolate,orange,lentils,apple,,,,
salt,honey,butter,juice,oil,,,,,,
jam,milk,lentils,spices,salt,tomato,orange,,,,
tea,eggs,salt,cheese,potato,bread,orange,chocolate,,,
chocolate,oil,potato,spices,rice,bread,,,,,
lentils,juice,tea,salt,tomato,orange,cheese,spices,chocolate,bread,
lentils,cheese,bread,tea,oil,jam,honey,chocolate,salt,coffee,butter
onion,rice,salt,oil,spices,cheese,honey,apple,eggs,bread,
butter,eggs,jam,bread,apple,,,,,,
oil,cheese,apple,chocolate,sugar,tea,,,,,
oil,cheese,bread,orange,spices,butter,,,,,
rice,honey,tomato,tea,chocolate,butter,apple,oil,jam,milk,
butter,apple,jam,rice,spices,,,,,,
honey,tea,banana,sugar,butter,spices,apple,chocolate,bread,cheese,milk
spices,butter,beans,eggs,onion,oil,honey,apple,milk,cheese,
tomato,apple,milk,eggs,potato,salt,rice,,,,
orange,chocolate,beans,sugar,salt,apple,oil,potato,banana,spices,
salt,beans,bread,oil,honey,milk,,,,,
oil,beans,butter,coffee,sugar,,,,,,
potato,banana,beans,sugar,lentils,,,,,,
bread,orange,potato,coffee,milk,beans,jam,rice,,,
beans,potato,cheese,jam,onion,,,,,,
spices,oil,salt,chocolate,butter,banana,potato,apple,,,
banana,butter,tomato,chocolate,lentils,salt,onion,apple,coffee,milk,spices
sugar,lentils,spices,cheese,banana,onion,milk,,,,
potato,oil,apple,lentils,beans,bread,jam,salt,cheese,banana,
sugar,cheese,salt,rice,oil,potato,milk,,,,
salt,milk,cheese,tea,sugar,,,,,,
cheese,spices,orange,banana,butter,eggs,chocolate,,,,
sugar,potato,cheese,bread,banana,tea,beans,,,,
chocolate,cheese,sugar,eggs,rice,milk,,,,,
lentils,chocolate,salt,orange,butter,beans,,,,,
sugar,orange,banana,cheese,juice,jam,chocolate,potato,,,
chocolate,coffee,banana,cheese,apple,bread,rice,honey,jam,tea,sugar
cheese,eggs,onion,potato,beans,,,,,,
potato,bread,butter,salt,banana,apple,oil,honey,lentils,,
oil,eggs,rice,jam,bread,spices,sugar,coffee,,,
beans,banana,rice,oil,bread,,,,,,
butter,apple,jam,honey,eggs,potato,,,,,
salt,rice,bread,potato,juice,,,,,,
potato,jam,rice,juice,bread,orange,milk,honey,,,
beans,spices,bread,jam,milk,,,,,,
coffee,bread,spices,apple,jam,lentils,onion,oil,cheese,milk,
bread,butter,onion,jam,potato,coffee,,,,,
cheese,onion,orange,milk,honey,jam,spices,coffee,,,
orange,spices,beans,milk,lentils,cheese,bread,,,,
bread,sugar,tea,apple,rice,coffee,orange,cheese,,,
orange,honey,apple,potato,cheese,eggs,beans,bread,,,
tomato,rice,juice,butter,beans,orange,chocolate,potato,salt,cheese,honey
potato,tomato,apple,oil,jam,butter,cheese,,,,
tea,banana,sugar,milk,chocolate,potato,rice,jam,oil,salt,tomato
honey,spices,apple,potato,orange,tomato,oil,,,,
juice,cheese,chocolate,coffee,salt,lentils,beans,spices,,,
juice,milk,beans,potato,tea,,,,,,
butter,tomato,rice,milk,orange,banana,juice,onion,,,
sugar,honey,chocolate,spices,tomato,,,,,,
tomato,tea,butter,juice,milk,salt,,,,,
potato,salt,beans,sugar,spices,lentils,cheese,tea,rice,chocolate,
salt,tea,cheese,potato,bread,banana,,,,,
orange,honey,eggs,oil,coffee,,,,,,
apple,spices,potato,coffee,sugar,cheese,eggs,bread,,,
rice,juice,jam,honey,tomato,apple,spices,lentils,orange,milk,cheese
bread,banana,lentils,oil,rice,sugar,milk,,,,
apple,butter,sugar,lentils,honey,spices,potato,,,,
jam,chocolate,oil,cheese,banana,,,,,,
eggs,cheese,butter,tea,orange,potato,banana,bread,milk,tomato,
orange,tomato,apple,oil,chocolate,spices,bread,tea,,,
cheese,potato,salt,honey,banana,,,,,,
coffee,oil,spices,onion,juice,butter,beans,lentils,bread,,
coffee,potato,apple,sugar,cheese,honey,eggs,bread,,,
milk,apple,salt,oil,chocolate,lentils,butter,,,,
milk,honey,chocolate,tomato,oil,eggs,lentils,,,,
jam,eggs,bread,sugar,tea,butter,,,,,
beans,onion,apple,orange,tomato,lentils,jam,juice,,,
potato,beans,eggs,orange,honey,sugar,coffee,,,,
potato,apple,bread,salt,lentils,,,,,,
jam,orange,tea,juice,onion,rice,potato,lentils,,,
lentils,beans,tomato,salt,onion,banana,coffee,oil,,,
milk,tea,cheese,tomato,onion,,,,,,
eggs,onion,coffee,rice,salt,,,,,,
tomato,apple,cheese,orange,butter,coffee,lentils,chocolate,salt,,
jam,spices,rice,juice,eggs,tomato,oil,tea,,,
banana,lentils,juice,tomato,spices,milk,butter,eggs,,,
chocolate,oil,coffee,onion,tomato,,,,,,
bread,potato,eggs,chocolate,tomato,banana,,,,,
potato,onion,juice,milk,beans,jam,salt,cheese,,,
coffee,salt,bread,potato,juice,beans,rice,oil,,,
sugar,cheese,tea,salt,lentils,beans,apple,,,,
oil,honey,bread,lentils,salt,chocolate,spices,cheese,butter,banana,tomato
apple,jam,orange,butter,sugar,,,,,,
salt,apple,onion,spices,jam,chocolate,tea,lentils,rice,,
jam,spices,oil,honey,juice,chocolate,beans,bread,milk,cheese,banana
coffee,honey,eggs,tea,tomato,,,,,,
beans,orange,coffee,bread,jam,tomato,rice,,,,
cheese,oil,bread,sugar,beans,salt,jam,milk,spices,honey,
apple,potato,bread,milk,salt,onion,coffee,,,,
potato,lentils,butter,beans,tomato,coffee,juice,tea,bread,,
banana,salt,eggs,oil,cheese,milk,,,,,
banana,chocolate,eggs,jam,coffee,,,,,,
honey,sugar,orange,oil,eggs,,,,,,
banana,tomato,cheese,apple,lentils,orange,coffee,spices,jam,,
cheese,tomato,banana,orange,apple,juice,potato,lentils,onion,,
potato,bread,milk,spices,beans,honey,chocolate,jam,orange,juice,salt
coffee,milk,juice,jam,tomato,tea,rice,,,,
honey,potato,bread,butter,chocolate,,,,,,
sugar,chocolate,lentils,tomato,eggs,juice,apple,,,,
jam,honey,onion,orange,salt,potato,lentils,spices,tomato,,
juice,cheese,milk,potato,lentils,onion,tea,coffee,butter,bread,
sugar,tomato,apple,spices,bread,potato,,,,,
juice,spices,butter,potato,apple,bread,,,,,
tea,cheese,eggs,coffee,rice,chocolate,,,,,
orange,lentils,spices,onion,sugar,,,,,,
sugar,chocolate,milk,tea,apple,,,,,,
spices,juice,salt,oil,cheese,lentils,tomato,bread,potato,apple,
potato,banana,juice,salt,tomato,lentils,butter,,,,
spices,oil,eggs,apple,sugar,,,,,,
potato,tomato,rice,beans,orange,jam,honey,onion,coffee,bread,
banana,chocolate,potato,onion,apple,orange,honey,spices,,,
rice,lentils,orange,tomato,cheese,sugar,milk,apple,banana,,
orange,honey,cheese,banana,beans,jam,tea,potato,milk,lentils,bread
sugar,apple,honey,salt,rice,oil,,,,,
beans,butter,cheese,rice,orange,honey,sugar,salt,spices,banana,lentils
sugar,orange,honey,salt,eggs,lentils,banana,chocolate,apple,,
salt,tomato,spices,juice,cheese,jam,coffee,eggs,beans,potato,butter
milk,honey,rice,butter,sugar,,,,,,
jam,eggs,coffee,bread,beans,tea,,,,,
honey,sugar,rice,potato,lentils,eggs,tomato,beans,salt,,
butter,honey,onion,cheese,lentils,salt,apple,orange,coffee,oil,beans
banana,rice,spices,bread,tomato,,,,,,
banana,chocolate,oil,orange,rice,juice,onion,sugar,apple,,
cheese,orange,eggs,butter,oil,milk,bread,apple,onion,honey,potato
potato,oil,eggs,tomato,milk,coffee,salt,orange,lentils,,
orange,oil,butter,spices,sugar,chocolate,onion,juice,beans,,
bread,beans,jam,banana,spices,juice,oil,onion,tea,,
cheese,tomato,sugar,bread,juice,orange,rice,honey,spices,,
sugar,eggs,onion,apple,potato,juice,cheese,milk,beans,,
milk,beans,potato,coffee,butter,lentils,juice,honey,spices,,
apple,salt,rice,tomato,coffee,orange,potato,eggs,banana,sugar,
bread,cheese,jam,oil,coffee,eggs,sugar,spices,banana,honey,salt
onion,spices,salt,banana,cheese,beans,,,,,
rice,chocolate,tomato,cheese,apple,milk,salt,banana,honey,potato,onion
oil,jam,orange,tomato,potato,cheese,,,,,
sugar,onion,cheese,milk,tea,oil,bread,banana,coffee,,
sugar,tomato,coffee,beans,onion,butter,,,,,
potato,chocolate,eggs,honey,orange,apple,,,,,
honey,orange,bread,juice,cheese,banana,spices,sugar,,,
eggs,lentils,onion,tea,oil,cheese,orange,banana,salt,bread,
potato,lentils,oil,banana,jam,,,,,,
chocolate,tea,sugar,lentils,salt,onion,,,,,
potato,bread,chocolate,orange,oil,milk,salt,banana,sugar,tea,
spices,orange,onion,apple,cheese,coffee,salt,eggs,tomato,butter,
potato,cheese,tomato,banana,jam,oil,lentils,onion,sugar,,
tomato,oil,rice,honey,eggs,tea,milk,,,,
apple,rice,bread,milk,butter,jam,eggs,,,,
jam,tomato,milk,beans,spices,chocolate,,,,,
potato,orange,butter,salt,onion,coffee,milk,honey,beans,,
jam,tea,apple,cheese,eggs,coffee,butter,beans,tomato,banana,honey
rice,coffee,orange,banana,tea,spices,cheese,,,,
milk,lentils,honey,salt,oil,potato,eggs,butter,beans,sugar,rice
jam,juice,onion,eggs,bread,chocolate,,,,,
lentils,honey,tea,jam,beans,oil,juice,orange,rice,,
milk,orange,tea,onion,apple,salt,juice,eggs,oil,rice,sugar
potato,eggs,rice,juice,tomato,salt,sugar,bread,honey,banana,
apple,butter,honey,tea,orange,cheese,,,,,
juice,eggs,milk,orange,chocolate,,,,,,
orange,rice,chocolate,tomato,tea,spices,butter,potato,beans,cheese,
juice,eggs,tea,rice,lentils,butter,salt,spices,chocolate,tomato,apple
sugar,eggs,spices,chocolate,coffee,onion,banana,honey,salt,oil,tea
rice,sugar,eggs,beans,oil,jam,orange,honey,,,
milk,orange,honey,rice,juice,eggs,banana,,,,
rice,bread,cheese,juice,tomato,oil,spices,onion,coffee,jam,
sugar,milk,apple,coffee,orange,banana,juice,,,,
milk,tea,tomato,butter,coffee,banana,orange,spices,,,
spices,bread,orange,cheese,chocolate,tomato,rice,sugar,banana,,
beans,orange,tomato,banana,eggs,sugar,jam,tea,,,
butter,orange,oil,juice,tea,coffee,,,,,
butter,apple,tomato,milk,spices,lentils,banana,juice,jam,,
eggs,juice,oil,beans,cheese,bread,salt,tea,chocolate,,
spices,lentils,rice,eggs,coffee,jam,tea,salt,banana,honey,oil
apple,rice,chocolate,bread,lentils,beans,jam,tomato,eggs,onion,potato
salt,beans,onion,orange,butter,sugar,rice,coffee,milk,oil,
bread,lentils,banana,oil,coffee,milk,apple,jam,tomato,rice,
cheese,orange,salt,chocolate,lentils,eggs,,,,,
orange,eggs,honey,sugar,rice,tomato,butter,,,,
orange,oil,butter,tea,eggs,cheese,tomato,honey,bread,,
potato,spices,honey,juice,beans,chocolate,onion,banana,,,
potato,spices,coffee,eggs,juice,salt,sugar,bread,lentils,,
milk,beans,apple,banana,cheese,eggs,,,,,
sugar,beans,tea,eggs,rice,milk,,,,,
oil,sugar,lentils,salt,potato,banana,eggs,spices,milk,tea,cheese
sugar,chocolate,oil,apple,onion,,,,,,
onion,tea,cheese,tomato,butter,apple,salt,chocolate,,,
oil,eggs,cheese,honey,milk,,,,,,
onion,jam,eggs,oil,rice,salt,sugar,lentils,milk,,
banana,cheese,honey,coffee,salt,butter,,,,,
cheese,apple,potato,banana,rice,sugar,onion,bread,chocolate,tomato,
potato,lentils,spices,banana,jam,,,,,,
chocolate,jam,juice,coffee,tomato,butter,honey,orange,bread,,
spices,tea,honey,jam,beans,,,,,,
onion,lentils,honey,potato,chocolate,cheese,salt,,,,
spices,rice,orange,sugar,beans,potato,banana,lentils,,,
apple,potato,beans,cheese,coffee,oil,salt,bread,chocolate,lentils,
lentils,oil,juice,potato,tea,eggs,orange,spices,,,
milk,tomato,cheese,salt,chocolate,,,,,,
bread,orange,beans,potato,honey,eggs,onion,,,,
eggs,salt,rice,coffee,butter,,,,,,
spices,cheese,lentils,sugar,tomato,jam,honey,butter,eggs,,
oil,chocolate,onion,jam,tomato,rice,banana,bread,,,
beans,lentils,spices,sugar,orange,milk,,,,,
coffee,onion,tea,rice,bread,orange,spices,butter,jam,eggs,
coffee,juice,oil,eggs,rice,jam,,,,,
chocolate,jam,lentils,bread,potato,onion,cheese,sugar,eggs,,
bread,jam,cheese,beans,honey,,,,,,
lentils,potato,rice,milk,chocolate,spices,oil,tea,sugar,,
juice,tea,jam,rice,banana,,,,,,
milk,juice,lentils,oil,eggs,honey,rice,,,,
tea,chocolate,juice,sugar,salt,tomato,onion,spices,jam,potato,honey
tea,honey,coffee,onion,spices,eggs,rice,banana,milk,,
spices,butter,orange,salt,coffee,,,,,,
milk,tea,orange,butter,lentils,apple,jam,banana,coffee,oil,salt
juice,onion,beans,apple,banana,oil,jam,eggs,salt,,
orange,spices,coffee,potato,honey,sugar,cheese,milk,,,
apple,juice,coffee,salt,honey,jam,,,,,
potato,sugar,honey,orange,milk,,,,,,
banana,sugar,tea,spices,oil,chocolate,lentils,rice,tomato,eggs,
orange,tea,sugar,honey,coffee,salt,lentils,,,,
apple,jam,tea,milk,bread,onion,oil,coffee,rice,honey,spices
rice,banana,jam,lentils,bread,juice,tomato,milk,sugar,cheese,honey
salt,beans,tea,milk,spices,honey,juice,oil,tomato,,
spices,apple,eggs,coffee,oil,,,,,,
bread,milk,jam,coffee,orange,butter,salt,eggs,tea,,
oil,jam,onion,apple,banana,,,,,,
bread,jam,honey,coffee,rice,apple,eggs,beans,lentils,,
spices,butter,milk,salt,bread,honey,potato,jam,juice,eggs,
salt,honey,milk,eggs,bread,,,,,,
lentils,sugar,chocolate,butter,apple,oil,banana,beans,spices,potato,
salt,juice,chocolate,rice,bread,milk,eggs,apple,banana,orange,
milk,orange,sugar,jam,lentils,,,,,,
rice,potato,juice,spices,banana,chocolate,bread,,,,
cheese,jam,onion,spices,milk,butter,eggs,juice,,,
juice,orange,rice,onion,tea,,,,,,
orange,milk,salt,bread,eggs,rice,,,,,
spices,butter,salt,honey,rice,tea,juice,,,,
chocolate,jam,oil,honey,milk,coffee,,,,,
cheese,honey,juice,coffee,chocolate,eggs,sugar,salt,potato,tomato,
butter,eggs,oil,lentils,chocolate,honey,coffee,beans,cheese,,
tea,chocolate,lentils,salt,tomato,juice,potato,jam,,,
juice,chocolate,apple,potato,onion,tomato,,,,,
spices,apple,tea,potato,cheese,onion,coffee,bread,lentils,rice,
butter,orange,juice,sugar,spices,tomato,,,,,
salt,rice,butter,sugar,apple,oil,spices,,,,
cheese,rice,juice,honey,eggs,salt,tea,coffee,,,
potato,cheese,jam,sugar,honey,banana,beans,butter,salt,,
potato,juice,oil,butter,bread,,,,,,
honey,spices,lentils,oil,apple,butter,beans,,,,
juice,honey,eggs,orange,chocolate,,,,,,
chocolate,butter,beans,rice,bread,tomato,lentils,oil,potato,spices,
lentils,apple,eggs,tomato,sugar,milk,spices,,,,
cheese,banana,bread,apple,potato,honey,salt,milk,chocolate,jam,
onion,honey,beans,chocolate,eggs,apple,rice,jam,salt,oil,
onion,cheese,oil,rice,tomato,jam,lentils,,,,
spices,beans,onion,banana,eggs,butter,cheese,,,,
chocolate,tea,orange,apple,jam,spices,eggs,banana,bread,butter,milk
banana,cheese,spices,orange,potato,onion,chocolate,juice,apple,salt,
honey,milk,apple,banana,eggs,onion,potato,tea,cheese,sugar,juice
cheese,apple,bread,butter,beans,eggs,tea,spices,honey,,
beans,lentils,tea,chocolate,coffee,potato,bread,apple,,,
juice,milk,coffee,banana,potato,jam,apple,onion,sugar,,
coffee,orange,milk,eggs,bread,,,,,,
honey,apple,potato,orange,oil,,,,,,
salt,oil,spices,chocolate,rice,banana,,,,,
honey,butter,tomato,spices,milk,onion,apple,,,,
chocolate,coffee,eggs,lentils,bread,jam,milk,apple,juice,rice,tomato
tomato,potato,spices,salt,coffee,milk,orange,cheese,bread,chocolate,eggs
orange,oil,lentils,banana,spices,salt,eggs,cheese,apple,onion,beans
honey,lentils,potato,butter,juice,coffee,sugar,tomato,,,
banana,sugar,oil,butter,coffee,salt,juice,eggs,potato,lentils,
tomato,coffee,honey,beans,milk,apple,juice,potato,eggs,butter,
coffee,eggs,spices,sugar,orange,oil,apple,onion,chocolate,tea,jam
salt,milk,eggs,spices,beans,lentils,honey,bread,sugar,,
bread,jam,spices,tea,juice,,,,,,
beans,coffee,rice,juice,tomato,orange,cheese,,,,
lentils,onion,honey,juice,beans,oil,,,,,
apple,honey,onion,coffee,spices,banana,tea,salt,oil,,
jam,oil,cheese,butter,rice,sugar,,,,,
honey,apple,tomato,cheese,spices,juice,jam,sugar,milk,rice,
orange,salt,onion,oil,jam,banana,juice,,,,
coffee,tomato,bread,oil,banana,cheese,potato,honey,milk,lentils,apple
apple,orange,butter,bread,potato,,,,,,
sugar,rice,potato,oil,tomato,tea,banana,juice,honey,,
beans,apple,banana,eggs,tomato,bread,coffee,potato,oil,,
tea,apple,rice,onion,cheese,potato,sugar,chocolate,salt,eggs,
rice,jam,juice,potato,sugar,,,,,,
tomato,honey,rice,oil,lentils,,,,,,
sugar,milk,oil,beans,jam,cheese,juice,banana,,,
potato,coffee,banana,bread,spices,salt,rice,butter,eggs,milk,cheese
honey,apple,jam,milk,lentils,,,,,,
cheese,butter,onion,potato,coffee,sugar,tomato,juice,lentils,,
sugar,chocolate,cheese,lentils,rice,,,,,,
sugar,beans,honey,cheese,spices,onion,oil,apple,tea,,
sugar,rice,banana,oil,beans,eggs,,,,,
coffee,sugar,spices,milk,salt,tea,banana,,,,
lentils,rice,apple,banana,spices,onion,tomato,orange,,,
milk,cheese,beans,honey,juice,rice,coffee,sugar,tea,tomato,
sugar,onion,eggs,milk,coffee,banana,spices,bread,honey,orange,
chocolate,lentils,salt,coffee,onion,apple,oil,beans,,,
tea,spices,honey,salt,butter,juice,,,,,
banana,oil,butter,eggs,apple,honey,jam,rice,potato,bread,spices
banana,apple,spices,onion,salt,milk,eggs,,,,
orange,milk,apple,jam,chocolate,cheese,,,,,
oil,spices,butter,cheese,salt,coffee,juice,lentils,jam,,
tomato,butter,salt,sugar,eggs,spices,milk,cheese,potato,beans,oil
tea,chocolate,beans,sugar,spices,oil,salt,onion,apple,,
butter,spices,banana,coffee,tea,onion,bread,oil,sugar,apple,
banana,bread,juice,chocolate,butter,onion,tea,potato,,,
salt,tomato,butter,apple,oil,milk,juice,coffee,chocolate,bread,banana
eggs,oil,milk,coffee,chocolate,tomato,jam,,,,
salt,eggs,tomato,onion,oil,butter,,,,,
cheese,rice,honey,banana,spices,,,,,,
butter,tomato,milk,coffee,banana,jam,cheese,sugar,,,
jam,juice,beans,butter,chocolate,banana,honey,onion,rice,salt,cheese
lentils,apple,eggs,coffee,cheese,beans,chocolate,salt,juice,onion,
lentils,butter,bread,onion,oil,,,,,,
coffee,honey,apple,jam,spices,tea,salt,juice,chocolate,,
potato,oil,salt,lentils,jam,butter,milk,eggs,,,
tea,beans,apple,coffee,sugar,juice,,,,,
potato,tea,beans,lentils,cheese,honey,salt,coffee,spices,,
sugar,lentils,salt,honey,orange,onion,tea,bread,beans,spices,
chocolate,banana,eggs,honey,cheese,tomato,,,,,
jam,apple,honey,orange,eggs,banana,rice,onion,coffee,,
orange,lentils,salt,milk,oil,honey,,,,,
oil,milk,eggs,jam,rice,cheese,orange,,,,
cheese,eggs,beans,apple,lentils,tomato,potato,banana,coffee,rice,
butter,milk,tomato,jam,salt,coffee,cheese,potato,rice,,
cheese,lentils,onion,oil,honey,eggs,banana,orange,tomato,bread,coffee
oil,lentils,orange,salt,coffee,cheese,tomato,banana,,,
orange,banana,onion,beans,eggs,tea,rice,chocolate,spices,bread,butter
juice,milk,oil,lentils,potato,jam,honey,rice,salt,coffee,
onion,milk,eggs,beans,lentils,butter,orange,rice,,,
cheese,coffee,honey,tea,sugar,onion,butter,,,,
jam,orange,lentils,rice,potato,spices,apple,milk,bread,eggs,coffee
chocolate,tea,lentils,juice,apple,milk,oil,butter,bread,rice,coffee
butter,eggs,jam,orange,coffee,spices,tea,apple,banana,cheese,
spices,milk,apple,chocolate,orange,coffee,butter,,,,
jam,coffee,chocolate,sugar,banana,,,,,,
tomato,salt,spices,honey,apple,coffee,jam,milk,,,
oil,bread,eggs,honey,milk,,,,,,
lentils,apple,potato,beans,banana,tomato,orange,,,,
butter,rice,oil,chocolate,bread,cheese,salt,tea,,,
sugar,coffee,potato,salt,cheese,beans,juice,bread,oil,,
tomato,rice,eggs,orange,milk,cheese,juice,tea,,,
banana,coffee,milk,apple,juice,spices,tea,sugar,lentils,,
oil,sugar,beans,apple,bread,,,,,,
jam,rice,cheese,milk,tea,salt,orange,banana,spices,potato,
tea,juice,oil,banana,apple,sugar,spices,bread,milk,orange,
eggs,coffee,honey,bread,milk,potato,salt,tomato,,,
onion,banana,tea,bread,honey,tomato,spices,lentils,cheese,potato,salt
onion,salt,banana,potato,cheese,jam,lentils,tomato,honey,coffee,spices
beans,coffee,orange,sugar,juice,cheese,,,,,
beans,coffee,orange,milk,sugar,onion,eggs,cheese,honey,tea,
tomato,eggs,butter,milk,rice,tea,banana,sugar,orange,bread,jam
banana,jam,butter,onion,spices,coffee,rice,milk,,,
sugar,tomato,lentils,salt,banana,eggs,spices,,,,
apple,tomato,onion,rice,beans,,,,,,
coffee,spices,onion,banana,milk,lentils,beans,butter,,,
banana,salt,sugar,milk,honey,butter,spices,potato,,,
eggs,tea,milk,bread,onion,butter,apple,honey,juice,,
salt,eggs,honey,cheese,beans,tomato,rice,lentils,milk,juice,
chocolate,banana,tomato,lentils,apple,,,,,,
oil,milk,salt,jam,eggs,,,,,,
banana,beans,potato,cheese,onion,bread,butter,chocolate,tea,tomato,
jam,sugar,rice,salt,orange,chocolate,eggs,milk,,,
beans,lentils,jam,coffee,butter,tomato,spices,oil,,,
beans,tomato,apple,potato,banana,,,,,,
bread,butter,jam,tea,lentils,milk,,,,,
banana,sugar,salt,milk,apple,butter,,,,,
eggs,spices,lentils,bread,jam,tomato,oil,coffee,,,
spices,cheese,chocolate,oil,salt,jam,,,,,
onion,salt,chocolate,beans,rice,jam,sugar,oil,lentils,,
spices,tomato,banana,coffee,chocolate,orange,eggs,salt,honey,butter,
tomato,sugar,potato,eggs,rice,coffee,,,,,
honey,onion,banana,cheese,salt,lentils,juice,sugar,,,
juice,eggs,bread,oil,rice,,,,,,
milk,lentils,beans,potato,salt,banana,eggs,tea,butter,oil,honey
oil,honey,salt,lentils,bread,sugar,beans,potato,milk,,
honey,tomato,banana,lentils,salt,oil,tea,beans,onion,,
salt,jam,apple,rice,spices,honey,orange,sugar,butter,eggs,
cheese,sugar,milk,salt,lentils,oil,,,,,
orange,spices,sugar,lentils,salt,eggs,honey,tomato,,,
butter,beans,bread,cheese,eggs,salt,jam,juice,,,
honey,onion,tomato,rice,chocolate,oil,spices,bread,juice,banana,milk
cheese,tea,spices,butter,coffee,potato,,,,,
onion,bread,honey,rice,eggs,tea,,,,,
banana,coffee,rice,juice,oil,,,,,,
butter,sugar,spices,salt,oil,honey,banana,tea,onion,,
honey,milk,tea,eggs,tomato,potato,onion,,,,
eggs,coffee,lentils,butter,sugar,oil,salt,rice,,,
potato,banana,tomato,rice,chocolate,jam,juice,cheese,coffee,,
potato,orange,jam,sugar,apple,juice,eggs,,,,
orange,bread,apple,eggs,milk,oil,,,,,
lentils,honey,orange,coffee,tea,,,,,,
juice,apple,banana,sugar,oil,spices,cheese,,,,
banana,rice,tomato,orange,lentils,cheese,onion,butter,,,
tomato,tea,cheese,bread,sugar,milk,spices,jam,salt,juice,lentils
tomato,salt,eggs,rice,butter,lentils,,,,,
lentils,tea,sugar,cheese,jam,,,,,,
coffee,chocolate,jam,spices,butter,sugar,salt,tea,,,
spices,onion,honey,milk,oil,juice,,,,,
butter,tea,orange,coffee,salt,jam,bread,onion,cheese,rice,
tea,salt,jam,juice,banana,eggs,orange,tomato,potato,,
butter,apple,bread,coffee,juice,eggs,banana,,,,
rice,tea,tomato,bread,jam,oil,sugar,spices,,,
potato,chocolate,milk,honey,lentils,,,,,,
beans,orange,bread,apple,tea,tomato,onion,sugar,oil,salt,
butter,banana,lentils,apple,bread,eggs,milk,tea,juice,,
milk,butter,potato,juice,coffee,eggs,bread,salt,beans,,
tomato,chocolate,juice,spices,cheese,orange,milk,,,,
oil,bread,sugar,jam,salt,eggs,rice,honey,apple,potato,butter
chocolate,eggs,milk,potato,tea,,,,,,
beans,sugar,lentils,orange,eggs,chocolate,oil,honey,juice,,
rice,bread,apple,tomato,potato,chocolate,salt,tea,lentils,,
cheese,chocolate,banana,rice,beans,tea,,,,,
salt,tea,lentils,honey,spices,tomato,,,,,
coffee,chocolate,tomato,honey,cheese,,,,,,
lentils,spices,salt,tomato,eggs,bread,,,,,
sugar,salt,milk,juice,oil,beans,eggs,spices,rice,potato,
sugar,orange,butter,apple,banana,milk,jam,cheese,lentils,,
butter,cheese,eggs,tomato,bread,chocolate,tea,orange,banana,juice,honey
tomato,milk,eggs,orange,lentils,honey,salt,rice,butter,chocolate,potato
honey,potato,milk,butter,jam,orange,banana,sugar,spices,,
jam,milk,potato,spices,lentils,juice,,,,,
banana,chocolate,onion,potato,tomato,lentils,beans,orange,bread,rice,
beans,coffee,rice,chocolate,eggs,butter,milk,apple,honey,oil,
salt,oil,coffee,cheese,beans,butter,chocolate,tea,,,
milk,cheese,bread,jam,oil,eggs,sugar,rice,orange,butter,salt
juice,onion,milk,cheese,bread,chocolate,orange,tomato,potato,,
cheese,eggs,salt,tea,jam,spices,onion,bread,lentils,,
apple,cheese,chocolate,beans,potato,eggs,jam,oil,,,
beans,cheese,tomato,milk,eggs,spices,jam,lentils,onion,,
jam,bread,honey,apple,lentils,onion,butter,spices,eggs,beans,
jam,lentils,butter,onion,spices,orange,,,,,
banana,tea,honey,bread,potato,milk,cheese,oil,,,
salt,oil,coffee,potato,beans,,,,,,
honey,sugar,tomato,spices,onion,lentils,coffee,butter,bread,salt,orange
banana,onion,eggs,cheese,milk,salt,potato,jam,chocolate,rice,
rice,spices,butter,onion,banana,tomato,honey,cheese,potato,coffee,juice
butter,rice,milk,onion,jam,coffee,honey,sugar,salt,,
tea,milk,onion,tomato,bread,oil,butter,,,,
lentils,apple,chocolate,oil,jam,beans,orange,sugar,tomato,,
eggs,tomato,honey,butter,oil,rice,,,,,
bread,spices,rice,tomato,orange,butter,lentils,milk,,,
salt,chocolate,coffee,lentils,potato,banana,jam,honey,,,
spices,chocolate,lentils,eggs,oil,banana,,,,,
potato,orange,lentils,jam,eggs,chocolate,bread,,,,
oil,milk,spices,orange,cheese,salt,rice,lentils,chocolate,juice,coffee
tomato,potato,sugar,apple,butter,,,,,,
spices,cheese,rice,eggs,banana,tea,lentils,,,,
coffee,milk,lentils,banana,cheese,chocolate,bread,beans,sugar,honey,potato
onion,cheese,eggs,potato,spices,banana,oil,butter,chocolate,beans,
potato,beans,onion,bread,eggs,salt,,,,,
milk,spices,juice,potato,jam,lentils,cheese,,,,
oil,eggs,cheese,lentils,tomato,coffee,beans,potato,tea,spices,
juice,honey,cheese,butter,beans,,,,,,
onion,coffee,tea,butter,sugar,bread,potato,honey,juice,,
spices,oil,banana,apple,onion,,,,,,
bread,cheese,coffee,tomato,onion,salt,banana,apple,oil,sugar,
sugar,banana,salt,tomato,spices,cheese,butter,bread,jam,chocolate,
juice,banana,spices,bread,tea,cheese,salt,,,,
banana,lentils,cheese,jam,tomato,coffee,beans,,,,
oil,cheese,tomato,sugar,juice,orange,chocolate,apple,coffee,rice,
beans,eggs,orange,oil,apple,salt,,,,,
milk,salt,sugar,tea,rice,oil,,,,,
salt,tomato,milk,potato,rice,eggs,,,,,
beans,tomato,jam,juice,milk,chocolate,butter,salt,cheese,,
chocolate,eggs,potato,rice,milk,banana,beans,butter,,,
juice,oil,tea,potato,eggs,milk,butter,banana,rice,spices,
chocolate,onion,tea,spices,coffee,banana,butter,apple,sugar,,
milk,oil,orange,bread,sugar,banana,beans,spices,,,
salt,jam,tomato,sugar,rice,,,,,,
oil,bread,spices,butter,banana,chocolate,,,,,
cheese,beans,tomato,rice,sugar,butter,,,,,
tea,sugar,juice,spices,beans,,,,,,
coffee,butter,apple,salt,orange,sugar,juice,bread,lentils,tea,oil
bread,banana,salt,coffee,apple,onion,potato,,,,
juice,rice,spices,bread,beans,apple,,,,,
sugar,beans,oil,juice,spices,onion,tea,salt,milk,,
salt,milk,apple,tomato,rice,potato,orange,coffee,cheese,,
potato,orange,butter,spices,coffee,sugar,lentils,juice,oil,tea,
tomato,eggs,honey,cheese,potato,beans,apple,tea,sugar,milk,
orange,cheese,jam,apple,potato,milk,spices,eggs,banana,,
cheese,banana,potato,butter,beans,,,,,,
butter,potato,bread,spices,coffee,jam,tomato,tea,,,
honey,banana,cheese,chocolate,jam,,,,,,
banana,oil,spices,potato,honey,butter,,,,,
oil,coffee,lentils,spices,chocolate,tea,bread,rice,eggs,potato,onion
potato,rice,tea,onion,cheese,beans,,,,,
eggs,tomato,bread,butter,honey,jam,beans,apple,spices,milk,banana
milk,sugar,oil,banana,lentils,chocolate,bread,,,,
cheese,spices,eggs,tea,salt,oil,butter,juice,potato,lentils,
milk,spices,apple,oil,juice,,,,,,
coffee,sugar,salt,cheese,tomato,eggs,orange,,,,
bread,eggs,butter,cheese,spices,juice,milk,apple,coffee,,
bread,potato,oil,honey,lentils,,,,,,
sugar,tomato,milk,bread,oil,onion,potato,honey,orange,chocolate,eggs
spices,coffee,juice,tomato,onion,,,,,,
spices,oil,orange,tomato,jam,apple,rice,,,,
tomato,spices,cheese,apple,bread,onion,jam,,,,
juice,salt,beans,milk,tea,bread,,,,,
chocolate,apple,honey,orange,coffee,jam,sugar,juice,tea,tomato,
onion,eggs,tomato,cheese,juice,bread,butter,apple,jam,,
juice,bread,rice,spices,honey,orange,oil,jam,lentils,,
eggs,beans,orange,juice,butter,milk,coffee,spices,bread,,
juice,oil,milk,apple,beans,spices,tomato,tea,lentils,coffee,banana
jam,onion,tea,potato,chocolate,banana,sugar,cheese,tomato,,
cheese,potato,bread,butter,tomato,chocolate,juice,oil,lentils,jam,
orange,honey,butter,spices,cheese,,,,,,
bread,honey,orange,lentils,onion,banana,spices,cheese,milk,,
orange,jam,butter,apple,chocolate,banana,eggs,rice,tea,cheese,
oil,tea,orange,banana,cheese,onion,coffee,,,,
sugar,salt,orange,jam,butter,banana,honey,eggs,tea,lentils,tomato
apple,eggs,tomato,orange,chocolate,juice,lentils,spices,cheese,,
tea,beans,lentils,chocolate,coffee,,,,,,
juice,chocolate,tomato,eggs,beans,orange,jam,bread,,,
honey,butter,bread,tomato,banana,coffee,jam,oil,,,
orange,rice,apple,bread,eggs,milk,lentils,sugar,jam,,
lentils,jam,onion,banana,beans,chocolate,orange,cheese,coffee,oil,
rice,cheese,banana,jam,salt,coffee,oil,beans,onion,eggs,sugar
lentils,orange,salt,rice,sugar,beans,eggs,chocolate,,,
butter,spices,chocolate,orange,honey,onion,sugar,cheese,,,
eggs,tea,juice,tomato,orange,spices,,,,,
banana,milk,cheese,potato,oil,,,,,,
banana,sugar,coffee,spices,beans,salt,lentils,chocolate,onion,butter,potato
eggs,coffee,chocolate,honey,tomato,orange,,,,,
honey,jam,bread,onion,tea,sugar,orange,,,,
sugar,apple,lentils,tomato,coffee,beans,rice,honey,onion,salt,
spices,tomato,beans,tea,milk,juice,potato,,,,
tea,honey,chocolate,rice,onion,eggs,salt,coffee,potato,beans,
coffee,banana,honey,sugar,rice,salt,onion,orange,milk,,
salt,lentils,orange,bread,sugar,beans,milk,oil,cheese,apple,tea
cheese,onion,lentils,orange,butter,tea,chocolate,jam,eggs,,
potato,cheese,jam,oil,apple,onion,,,,,
lentils,jam,spices,tea,tomato,juice,onion,milk,orange,beans,
oil,rice,jam,juice,chocolate,milk,,,,,
milk,tomato,salt,spices,honey,banana,,,,,
honey,beans,banana,rice,salt,bread,tea,,,,
spices,beans,tea,rice,salt,jam,apple,onion,tomato,oil,
honey,coffee,jam,banana,cheese,tomato,oil,bread,chocolate,apple,
sugar,juice,chocolate,eggs,lentils,apple,onion,potato,,,
orange,oil,coffee,spices,milk,salt,honey,bread,jam,cheese,
salt,oil,apple,chocolate,potato,honey,jam,spices,,,
rice,oil,chocolate,spices,eggs,apple,honey,lentils,beans,cheese,
sugar,butter,jam,banana,chocolate,lentils,oil,rice,onion,tomato,
bread,lentils,sugar,eggs,banana,rice,jam,,,,
potato,milk,salt,tea,spices,chocolate,oil,,,,
chocolate,bread,juice,coffee,cheese,jam,tomato,,,,
bread,milk,honey,spices,oil,tea,onion,cheese,potato,,
rice,cheese,beans,tomato,juice,oil,chocolate,orange,tea,,
cheese,butter,sugar,tea,onion,,,,,,
spices,juice,orange,rice,onion,jam,oil,beans,chocolate,milk,banana
butter,sugar,tomato,onion,juice,rice,cheese,beans,apple,,
jam,bread,rice,salt,apple,,,,,,
salt,chocolate,spices,lentils,onion,milk,cheese,,,,
tea,milk,salt,juice,honey,rice,oil,spices,jam,orange,eggs
chocolate,sugar,milk,juice,salt,spices,rice,tea,beans,onion,bread
apple,beans,potato,spices,rice,onion,tomato,oil,salt,,
oil,coffee,butter,juice,milk,salt,onion,,,,
apple,eggs,coffee,cheese,potato,chocolate,,,,,
potato,tomato,onion,juice,chocolate,bread,lentils,apple,banana,,
beans,tomato,bread,sugar,jam,orange,,,,,
chocolate,bread,lentils,cheese,tomato,potato,sugar,salt,,,
beans,coffee,sugar,rice,butter,bread,onion,,,,
beans,butter,cheese,onion,salt,tea,honey,,,,
onion,tea,jam,apple,coffee,spices,milk,butter,honey,tomato,
rice,chocolate,salt,honey,jam,onion,beans,,,,
lentils,beans,chocolate,cheese,tea,salt,,,,,
bread,butter,sugar,salt,eggs,apple,beans,cheese,tea,,
sugar,coffee,apple,chocolate,butter,,,,,,
salt,tea,banana,oil,sugar,potato,apple,coffee,beans,spices,juice
onion,rice,coffee,spices,beans,tomato,bread,apple,honey,oil,
butter,chocolate,eggs,onion,spices,,,,,,
tea,lentils,tomato,orange,cheese,banana,spices,,,,
butter,bread,cheese,oil,tomato,eggs,,,,,
rice,jam,lentils,milk,oil,salt,honey,tomato,,,
banana,juice,chocolate,bread,spices,salt,lentils,onion,,,
cheese,salt,butter,onion,bread,jam,,,,,
potato,tea,milk,juice,sugar,onion,oil,eggs,,,
cheese,lentils,spices,sugar,eggs,,,,,,
honey,eggs,onion,spices,tomato,,,,,,
coffee,cheese,beans,potato,lentils,tea,banana,oil,onion,,
spices,tomato,eggs,sugar,coffee,onion,bread,rice,cheese,,
salt,eggs,juice,coffee,chocolate,beans,tea,potato,butter,apple,
jam,beans,bread,rice,salt,orange,tomato,cheese,,,
lentils,potato,onion,milk,butter,coffee,,,,,
lentils,cheese,rice,orange,coffee,chocolate,oil,eggs,salt,banana,
milk,beans,onion,salt,juice,coffee,sugar,potato,jam,banana,apple
chocolate,beans,orange,banana,tomato,milk,bread,tea,,,
onion,cheese,chocolate,tea,milk,butter,orange,oil,spices,lentils,
tomato,coffee,eggs,jam,lentils,rice,butter,potato,,,
salt,chocolate,orange,banana,lentils,,,,,,
butter,chocolate,oil,spices,eggs,banana,sugar,tea,rice,,
butter,rice,jam,orange,tomato,,,,,,
banana,juice,tea,orange,rice,chocolate,jam,apple,cheese,,
potato,tomato,cheese,spices,apple,,,,,,
oil,jam,eggs,onion,chocolate,spices,lentils,orange,tomato,bread,
tomato,banana,apple,milk,potato,lentils,salt,jam,spices,butter,
oil,honey,milk,sugar,lentils,apple,tea,banana,rice,,
honey,orange,apple,chocolate,bread,,,,,,
eggs,tea,chocolate,oil,milk,beans,spices,,,,
banana,jam,onion,coffee,tomato,spices,,,,,
bread,butter,lentils,milk,onion,orange,cheese,tea,spices,potato,rice
honey,oil,milk,juice,onion,,,,,,
oil,honey,apple,cheese,tomato,potato,,,,,
apple,tea,juice,banana,chocolate,eggs,,,,,
onion,cheese,oil,butter,tomato,banana,sugar,coffee,,,
tea,oil,butter,bread,beans,juice,potato,lentils,onion,jam,coffee
banana,lentils,bread,butter,tomato,orange,cheese,eggs,beans,juice,milk
potato,apple,eggs,oil,spices,salt,cheese,honey,,,
sugar,salt,potato,honey,butter,milk,lentils,banana,,,
butter,honey,tomato,banana,rice,tea,salt,,,,
butter,spices,juice,banana,milk,tomato,potato,beans,,,
salt,apple,orange,beans,lentils,oil,honey,jam,chocolate,coffee,rice
tomato,rice,banana,butter,coffee,,,,,,
juice,tea,milk,rice,orange,cheese,onion,sugar,chocolate,salt,
beans,oil,cheese,rice,jam,banana,orange,lentils,tea,sugar,chocolate
juice,oil,onion,tea,sugar,rice,lentils,salt,spices,,
banana,bread,rice,tomato,sugar,honey,coffee,tea,apple,salt,butter
beans,honey,rice,chocolate,salt,coffee,lentils,apple,,,
orange,jam,lentils,sugar,tomato,chocolate,butter,bread,,,
orange,jam,beans,coffee,chocolate,juice,,,,,
chocolate,coffee,potato,spices,milk,juice,honey,,,,
juice,butter,milk,rice,tea,onion,eggs,apple,beans,orange,
orange,spices,bread,onion,cheese,tea,milk,lentils,banana,jam,
rice,coffee,orange,apple,banana,milk,bread,chocolate,cheese,butter,
rice,jam,coffee,salt,potato,lentils,juice,tomato,cheese,orange,
salt,honey,jam,butter,lentils,tomato,onion,beans,rice,,
salt,bread,chocolate,apple,lentils,oil,juice,,,,
jam,lentils,tea,apple,onion,beans,orange,honey,rice,,
tea,onion,rice,salt,lentils,cheese,,,,,
sugar,spices,beans,orange,honey,lentils,coffee,bread,tea,,
bread,potato,coffee,salt,butter,tomato,chocolate,honey,rice,banana,
jam,tea,potato,rice,banana,apple,butter,salt,bread,,
tea,potato,juice,tomato,beans,eggs,,,,,
coffee,milk,honey,oil,apple,lentils,eggs,potato,,,
potato,tea,rice,cheese,onion,honey,chocolate,apple,orange,oil,sugar
bread,potato,tea,apple,spices,coffee,chocolate,,,,
potato,chocolate,lentils,bread,spices,butter,honey,tea,beans,coffee,tomato
cheese,beans,coffee,salt,bread,chocolate,,,,,
oil,banana,jam,juice,rice,apple,chocolate,,,,
honey,salt,lentils,bread,milk,orange,beans,cheese,,,
sugar,spices,banana,cheese,salt,tomato,oil,eggs,,,
chocolate,coffee,milk,tomato,jam,honey,sugar,juice,salt,,
apple,onion,eggs,salt,cheese,juice,orange,,,,
rice,eggs,lentils,butter,salt,oil,,,,,
honey,apple,lentils,tomato,bread,butter,jam,,,,
jam,chocolate,butter,salt,banana,,,,,,
cheese,lentils,rice,sugar,tomato,honey,butter,beans,spices,,
butter,bread,salt,eggs,beans,jam,apple,rice,honey,cheese,orange
eggs,tomato,cheese,chocolate,orange,milk,juice,spices,jam,apple,honey
lentils,potato,tea,oil,cheese,banana,beans,butter,,,
salt,spices,tea,lentils,sugar,tomato,,,,,
cheese,bread,beans,jam,honey,chocolate,milk,,,,
honey,oil,bread,salt,tea,juice,butter,,,,
salt,butter,onion,coffee,sugar,,,,,,
tea,eggs,beans,bread,jam,chocolate,,,,,
juice,onion,butter,jam,coffee,honey,milk,,,,
orange,salt,lentils,oil,sugar,potato,,,,,
rice,tomato,milk,eggs,onion,bread,chocolate,honey,butter,,
tomato,banana,onion,cheese,sugar,eggs,,,,,
jam,milk,beans,sugar,lentils,,,,,,
chocolate,beans,orange,bread,jam,rice,potato,cheese,juice,,
salt,chocolate,potato,orange,onion,,,,,,
spices,cheese,orange,eggs,tea,,,,,,
bread,juice,eggs,cheese,honey,lentils,,,,,
chocolate,milk,tea,cheese,jam,orange,apple,rice,,,
jam,honey,potato,spices,coffee,bread,apple,milk,chocolate,,
juice,milk,bread,oil,rice,butter,tomato,,,,
chocolate,tomato,beans,coffee,banana,,,,,,
jam,onion,rice,tea,orange,juice,bread,,,,
orange,chocolate,honey,eggs,salt,oil,sugar,bread,,,
apple,coffee,spices,lentils,bread,butter,oil,orange,beans,,
cheese,tomato,oil,beans,milk,chocolate,sugar,spices,,,
salt,potato,juice,beans,tomato,eggs,apple,lentils,milk,banana,
juice,tomato,potato,banana,lentils,orange,cheese,honey,beans,,
bread,butter,chocolate,cheese,honey,spices,,,,,
bread,butter,orange,apple,salt,,,,,,
tomato,butter,onion,milk,lentils,spices,apple,,,,
banana,bread,oil,juice,onion,lentils,,,,,
potato,juice,butter,salt,chocolate,tea,cheese,coffee,bread,eggs,tomato
oil,butter,banana,salt,tomato,potato,milk,,,,
chocolate,apple,coffee,jam,oil,cheese,,,,,
tomato,apple,banana,eggs,juice,rice,onion,butter,honey,bread,chocolate
cheese,beans,jam,potato,onion,bread,honey,sugar,salt,tomato,
honey,tea,orange,beans,tomato,,,,,,
tea,potato,honey,spices,eggs,apple,milk,coffee,rice,butter,bread
onion,lentils,jam,banana,tea,apple,milk,,,,
eggs,coffee,rice,jam,salt,bread,oil,potato,,,
onion,milk,chocolate,butter,tea,beans,oil,spices,eggs,jam,
beans,spices,tomato,sugar,banana,onion,apple,,,,
eggs,juice,milk,sugar,onion,bread,,,,,
butter,potato,rice,jam,sugar,apple,honey,cheese,milk,,
tomato,onion,eggs,jam,spices,cheese,,,,,
cheese,juice,onion,butter,jam,tea,honey,spices,eggs,apple,
apple,rice,jam,beans,salt,tea,cheese,onion,,,
coffee,tea,spices,rice,salt,honey,potato,apple,milk,chocolate,
cheese,rice,oil,juice,banana,onion,butter,,,,
rice,banana,jam,chocolate,orange,apple,milk,tea,oil,salt,coffee
jam,eggs,tomato,potato,coffee,sugar,,,,,
butter,bread,beans,jam,juice,tomato,orange,apple,sugar,,
orange,oil,honey,onion,jam,eggs,salt,milk,,,
jam,coffee,honey,potato,spices,,,,,,
salt,rice,banana,bread,tomato,cheese,oil,,,,
cheese,potato,tea,rice,oil,bread,milk,honey,lentils,coffee,
tea,sugar,tomato,potato,chocolate,,,,,,
onion,coffee,tea,apple,salt,beans,juice,lentils,chocolate,rice,
lentils,cheese,rice,eggs,honey,banana,jam,bread,sugar,,
tea,tomato,eggs,sugar,butter,lentils,,,,,
apple,butter,banana,tea,salt,jam,sugar,chocolate,beans,cheese,
coffee,oil,eggs,cheese,jam,butter,sugar,tea,,,
potato,sugar,orange,bread,salt,onion,,,,,
butter,chocolate,coffee,potato,bread,honey,rice,,,,
lentils,tea,orange,cheese,eggs,spices,sugar,milk,banana,rice,
honey,potato,lentils,beans,coffee,onion,juice,oil,jam,orange,tea
banana,potato,orange,coffee,jam,cheese,tea,,,,
rice,spices,chocolate,apple,sugar,tomato,eggs,,,,
chocolate,eggs,potato,beans,lentils,,,,,,
sugar,juice,jam,lentils,banana,,,,,,
butter,juice,apple,coffee,sugar,oil,honey,orange,tea,,
jam,oil,honey,potato,tomato,milk,apple,beans,butter,,
cheese,juice,butter,lentils,apple,coffee,tomato,onion,rice,tea,
milk,banana,oil,juice,sugar,onion,salt,,,,
eggs,salt,sugar,jam,orange,lentils,apple,,,,
cheese,beans,spices,honey,juice,salt,orange,,,,
orange,beans,milk,tomato,jam,salt,juice,onion,butter,oil,lentils
salt,potato,onion,cheese,tomato,eggs,honey,bread,oil,milk,lentils
tomato,salt,apple,oil,butter,bread,jam,orange,rice,onion,beans
salt,orange,apple,spices,chocolate,jam,sugar,rice,onion,milk,bread
tea,beans,cheese,banana,tomato,,,,,,
chocolate,cheese,tomato,honey,spices,,,,,,
beans,spices,tomato,coffee,lentils,apple,,,,,
orange,onion,beans,honey,milk,eggs,,,,,
banana,oil,milk,potato,beans,rice,,,,,
chocolate,rice,oil,bread,sugar,onion,coffee,jam,,,
lentils,tomato,beans,potato,juice,spices,onion,jam,milk,,
banana,chocolate,lentils,tomato,eggs,honey,oil,apple,juice,,
onion,cheese,milk,honey,eggs,coffee,salt,tomato,juice,spices,
chocolate,bread,eggs,orange,oil,milk,,,,,
potato,cheese,beans,sugar,bread,oil,rice,,,,
juice,tea,potato,oil,milk,butter,beans,banana,jam,,
spices,tea,salt,butter,orange,lentils,rice,banana,,,
potato,orange,bread,tea,oil,sugar,salt,eggs,jam,,
orange,rice,chocolate,salt,potato,tea,banana,onion,honey,coffee,
chocolate,honey,jam,onion,butter,juice,apple,,,,
orange,chocolate,honey,tea,beans,onion,butter,oil,sugar,,
jam,sugar,butter,salt,banana,,,,,,
oil,banana,sugar,beans,cheese,bread,honey,tea,onion,tomato,chocolate
sugar,lentils,eggs,apple,juice,spices,,,,,
salt,butter,honey,lentils,juice,orange,bread,chocolate,,,
oil,banana,salt,tomato,spices,jam,coffee,orange,,,
orange,jam,sugar,tomato,cheese,,,,,,
jam,honey,coffee,juice,salt,chocolate,,,,,
milk,apple,salt,honey,juice,,,,,,
banana,coffee,onion,sugar,oil,honey,beans,,,,
eggs,potato,milk,beans,oil,coffee,spices,sugar,bread,tomato,
orange,tomato,cheese,beans,sugar,lentils,chocolate,apple,salt,oil,spices
spices,tea,tomato,banana,juice,orange,chocolate,milk,,,
juice,butter,tea,oil,chocolate,spices,eggs,milk,honey,,
salt,jam,lentils,chocolate,potato,sugar,tea,,,,
onion,butter,banana,milk,jam,,,,,,
lentils,potato,coffee,butter,milk,eggs,chocolate,tea,,,
apple,butter,beans,lentils,tomato,oil,,,,,
eggs,bread,sugar,rice,banana,milk,honey,chocolate,beans,,
butter,juice,honey,coffee,tomato,jam,beans,potato,bread,lentils,
spices,oil,tomato,juice,lentils,,,,,,
oil,sugar,onion,bread,tomato,tea,spices,rice,lentils,butter,chocolate
potato,eggs,banana,chocolate,tea,butter,sugar,beans,juice,,
jam,rice,tea,apple,banana,eggs,chocolate,salt,juice,,
lentils,bread,orange,sugar,jam,butter,oil,spices,coffee,milk,
butter,coffee,potato,milk,cheese,bread,banana,,,,
jam,bread,beans,potato,tea,milk,oil,banana,sugar,salt,coffee
butter,banana,jam,eggs,tea,oil,sugar,juice,potato,coffee,
apple,butter,cheese,jam,oil,bread,coffee,banana,chocolate,,
tomato,honey,spices,bread,onion,rice,,,,,
salt,apple,spices,jam,eggs,,,,,,
orange,potato,sugar,rice,tomato,oil,,,,,
tomato,bread,honey,potato,sugar,lentils,tea,eggs,chocolate,milk,butter
honey,lentils,coffee,tea,bread,milk,beans,,,,
tea,cheese,bread,spices,juice,jam,milk,,,,
lentils,oil,orange,juice,jam,tea,cheese,chocolate,,,
jam,juice,onion,tomato,potato,lentils,salt,milk,banana,rice,
cheese,milk,banana,bread,beans,spices,eggs,,,,
eggs,apple,juice,coffee,salt,milk,oil,,,,
bread,lentils,eggs,sugar,honey,,,,,,
jam,orange,potato,rice,milk,butter,apple,beans,sugar,,
cheese,salt,spices,butter,chocolate,,,,,,
bread,banana,onion,cheese,orange,,,,,,
juice,apple,lentils,beans,cheese,salt,tea,potato,milk,spices,
coffee,onion,bread,butter,banana,orange,juice,,,,
tomato,oil,butter,eggs,spices,rice,beans,onion,potato,tea,banana
jam,lentils,potato,tea,apple,sugar,tomato,chocolate,rice,juice,banana
eggs,butter,sugar,orange,beans,tomato,coffee,chocolate,potato,banana,
orange,coffee,banana,lentils,milk,sugar,beans,jam,apple,spices,rice
eggs,juice,oil,honey,rice,coffee,chocolate,jam,beans,bread,cheese
eggs,potato,banana,jam,beans,bread,,,,,
banana,spices,honey,butter,milk,juice,lentils,rice,apple,,
sugar,chocolate,bread,potato,banana,milk,salt,spices,,,
tomato,spices,honey,eggs,lentils,,,,,,
salt,beans,oil,tea,spices,,,,,,
orange,oil,banana,honey,butter,eggs,jam,,,,
tea,rice,onion,salt,potato,bread,spices,eggs,lentils,,
orange,milk,butter,onion,bread,salt,oil,chocolate,eggs,jam,
tea,banana,rice,oil,tomato,coffee,spices,sugar,beans,honey,
apple,spices,eggs,chocolate,butter,milk,banana,beans,,,
juice,coffee,onion,banana,honey,rice,,,,,
tomato,eggs,tea,potato,juice,banana,rice,,,,
honey,chocolate,beans,banana,tea,sugar,apple,,,,
chocolate,oil,rice,potato,coffee,butter,tomato,spices,beans,,
oil,beans,orange,juice,milk,jam,coffee,rice,eggs,onion,butter
sugar,juice,jam,eggs,banana,onion,lentils,cheese,orange,oil,butter
jam,apple,sugar,salt,cheese,butter,,,,,
cheese,milk,onion,rice,coffee,salt,chocolate,spices,butter,orange,tomato
salt,lentils,butter,potato,tomato,beans,,,,,
lentils,juice,potato,sugar,salt,bread,orange,cheese,,,
coffee,lentils,sugar,eggs,milk,salt,bread,,,,
lentils,beans,tomato,bread,onion,spices,oil,sugar,honey,rice,
oil,apple,lentils,beans,jam,butter,onion,cheese,banana,honey,
potato,apple,spices,milk,honey,salt,juice,tea,,,
tea,cheese,onion,potato,sugar,apple,bread,oil,butter,salt,
jam,apple,eggs,beans,bread,orange,,,,,
cheese,onion,tea,orange,eggs,apple,potato,juice,milk,,
banana,potato,coffee,honey,eggs,orange,jam,beans,chocolate,tomato,
cheese,juice,milk,oil,sugar,bread,,,,,
potato,jam,oil,eggs,milk,,,,,,
